{
	"pages": [ //pages数组中第一项表示应用启动页，参考：https://uniapp.dcloud.io/collocation/pages
		{
			"path": "pages/index/index",
			"style": {
				"navigationBarTitleText": "首页"
			}
		},
		{
			"path": "pages/orderDishes/index",
			"style": {
				"navigationBarTitleText": "点菜"
			}
		},
		{
			"path": "pages/orderSubmit/index",
			"style": {
				"navigationBarTitleText": "订单确认"
			}
		},
		{
			"path": "pages/orderDetail/index",
			"style": {
				"navigationBarTitleText": "订单详情"
			}
		},
		{
			"path": "pages/myInfo/index",
			"style": {
				"navigationBarTitleText": "我的"
			}
		}
	],
	"globalStyle": {
		"navigationBarTitleText": "uni-app",
		"navigationBarTextStyle": "white",
		"navigationBarBackgroundColor": "#000",
		"backgroundColor": "#F8F8F8"
	},
	"tabBar": {
		"color": "#7A7E83",
		"selectedColor": "#3cc51f",
		"borderStyle": "black",
		"backgroundColor": "#ffffff",
		"list": [{
				"pagePath": "pages/index/index",
				"text": "首页"
			},
			{
				"pagePath": "pages/myInfo/index",
				"text": "我的"
			}
		]
	}
}
